{"cameraMode":{"drawMode":0,"name":"Shaded","section":"Shading Mode"},"sceneLighting":true,"audioPlay":false,"sceneViewState":{"showFog":true,"showMaterialUpdate":true,"showSkybox":true,"showFlares":true,"showImageEffects":true,"showParticleSystems":true},"in2DMode":false,"pivot":{"x":-0.7501937747001648,"y":-0.33182471990585329,"z":0.11156654357910156},"rotation":{"x":-0.2537091374397278,"y":0.4565788507461548,"z":-0.13764719665050507,"w":-0.8415588736534119},"size":2.883237838745117,"orthographic":false}